Name,Unnamed: 1,1980,1981,1982,1983,1984,1985,1986,1987,1988,1989,1990,1991,1992,1993,1994,1995,1996,1997,1998,1999,2000,2001,2002,2003,2004,2005,2006,2007,2008,2009,2010,2011,2012,2013,2014,2015,2016,2017,2018,2019,2020,2021,citations,total
 afghanistan ,,0,0,0,0,0,0,0,0,0,0,0,0,0,0,0,0,0,0,0,0,0,0,0,0,0,0,2,1,6,0,4,0,2,1,0,0,6,16,2,7,0,0,57,47
 aland ,,0,0,0,0,0,0,0,0,0,0,0,0,0,0,0,0,0,0,0,0,0,0,0,0,0,0,0,0,0,0,0,0,0,0,0,0,0,0,0,0,0,0,0,0
 albania ,,0,0,0,0,0,0,0,0,0,0,0,0,0,0,0,0,0,0,0,0,0,0,0,1,0,1,0,0,6,3,36,17,31,11,27,11,70,111,218,54,0,0,1836,597
 algeria ,,0,0,0,1,2,1,0,3,0,1,7,0,3,2,2,1,7,4,16,6,4,17,19,47,71,149,184,232,378,452,455,509,616,744,855,1056,1464,1883,2143,1574,184,9,97362,13101
 american samoa ,,0,0,0,0,0,0,0,0,0,0,0,0,0,0,0,0,0,0,0,0,0,0,0,0,0,0,0,0,0,0,0,0,0,0,0,0,0,0,0,14,0,0,28,14
 andorra ,,0,0,0,0,0,0,0,0,0,0,0,0,0,0,0,0,0,0,0,0,0,0,0,0,0,0,0,2,0,0,0,0,0,0,8,0,4,6,6,6,0,0,150,32
 angola ,,0,0,0,0,0,0,0,0,0,0,0,0,0,0,0,0,0,0,0,0,0,0,0,0,0,0,0,0,8,0,6,4,0,0,4,0,10,0,5,43,0,0,907,80
 anguilla ,,0,0,0,0,0,0,0,0,0,0,0,0,0,0,0,0,0,0,0,0,0,0,0,0,0,0,0,0,0,0,0,0,0,0,0,0,0,0,0,0,0,0,0,0
 antarctica ,,0,0,0,0,0,0,0,0,0,0,0,0,0,0,0,0,0,0,0,0,0,0,0,0,0,0,0,0,0,0,0,0,0,0,0,0,0,0,0,0,0,0,0,0
 antigua ,,0,0,0,0,0,0,0,0,0,0,0,0,0,0,0,0,0,0,0,0,0,0,0,0,0,0,0,4,20,5,0,0,12,18,8,10,16,7,17,42,0,0,3754,159
 barbuda ,,0,0,0,0,0,0,0,0,0,0,0,0,0,0,0,0,0,0,0,0,0,0,0,0,0,0,0,0,0,0,0,0,0,0,0,0,0,0,0,2,0,0,0,2
 antigua and barbuda ,,0,0,0,0,0,0,0,0,0,0,0,0,0,0,0,0,0,0,0,0,0,0,0,0,0,0,0,0,0,0,0,0,0,0,0,0,0,0,0,0,0,0,0,0
 argentina ,,1,1,1,0,3,0,0,3,2,17,1,23,6,19,19,28,12,28,26,28,89,77,146,178,268,287,400,490,648,859,1049,1063,899,855,1018,1182,1319,1754,1612,1428,102,1,221632,15942
 armenia ,,0,0,0,0,0,0,0,0,0,0,0,0,0,3,0,0,8,1,1,0,2,1,2,22,7,13,18,18,17,25,60,20,30,31,42,39,81,84,98,85,2,0,4227,710
 aruba ,,0,0,0,0,0,0,0,0,0,0,0,0,0,0,0,0,0,0,0,0,0,0,0,0,0,0,0,1,4,0,0,0,0,5,0,6,0,6,0,3,0,0,164,25
 australia ,,28,41,36,51,61,88,58,111,123,134,116,186,120,253,319,416,410,523,700,786,942,1229,1395,3362,4189,5474,7138,7099,6947,9812,8886,9557,10269,10047,9703,11390,16486,22199,24062,18987,1965,22,5962093,195720
 austria ,,23,38,54,48,33,39,40,63,34,61,48,79,83,110,158,161,112,194,194,278,323,494,639,1283,1550,2036,2941,3463,3772,4712,4953,5356,5267,4718,4607,4782,6388,8299,8602,6915,454,10,2247755,83414
 azerbaijan ,,0,0,0,0,2,0,0,0,0,0,0,0,0,0,0,0,0,0,0,0,5,5,6,5,6,3,12,49,44,51,61,57,45,55,25,80,36,55,35,67,4,0,10070,708
 bahamas ,,0,0,0,0,0,0,0,0,0,0,0,0,0,0,0,0,0,0,0,1,0,1,1,0,0,0,0,0,0,4,0,0,0,0,3,0,0,0,0,0,0,0,160,10
 bahrain ,,0,0,0,0,0,0,0,1,0,0,1,0,1,2,5,6,0,2,4,1,2,6,3,5,6,15,5,7,2,7,30,22,46,14,37,35,39,97,129,77,4,0,7534,611
 bangladesh ,,0,0,0,0,0,0,0,0,0,0,0,1,0,0,1,0,0,3,3,3,2,1,34,25,57,34,53,78,127,209,209,263,230,221,227,464,531,1184,1176,938,31,0,48644,6105
 barbados ,,0,0,0,0,0,0,0,0,0,0,0,0,0,0,0,0,0,0,0,0,0,0,4,10,14,0,0,1,17,0,10,5,0,3,4,6,11,3,5,22,9,0,460,124
 belarus ,,0,0,0,0,0,0,0,0,0,0,0,0,0,4,2,10,19,8,7,17,4,25,40,64,58,64,109,93,81,114,82,112,99,80,74,93,172,177,178,155,24,0,28363,1965
 belgium ,,30,33,38,64,36,54,30,90,71,99,90,90,88,133,176,205,185,248,319,381,394,761,981,1726,2218,2880,3637,3804,4580,5097,5833,5732,5757,5060,4795,5202,6310,8049,8209,7180,412,3,2955357,91080
 belize ,,0,0,0,0,0,0,0,0,0,0,0,0,0,0,0,0,0,0,0,0,0,0,0,0,3,0,0,0,0,0,4,0,0,4,0,0,0,0,0,4,0,0,50,15
 benin ,,0,1,0,2,6,0,0,0,0,0,0,0,0,0,0,0,2,0,0,1,2,0,0,2,0,7,13,20,13,18,10,7,19,36,52,39,59,124,76,56,0,0,12054,565
 bermuda ,,0,0,0,0,0,0,0,0,0,0,0,0,0,0,0,0,0,0,0,0,0,0,0,0,0,0,0,0,0,1,1,0,0,0,0,0,0,2,3,3,0,0,44,10
 bhutan ,,0,0,0,0,0,0,0,0,0,0,0,0,0,0,0,0,0,0,0,0,0,0,0,0,0,0,3,7,4,3,0,0,0,0,1,0,0,2,2,0,5,0,100,27
 bolivia ,,0,0,0,0,0,0,0,0,0,0,0,0,0,0,0,0,0,0,0,0,0,3,3,0,0,0,6,8,0,9,5,9,14,3,4,3,14,17,17,34,0,0,1486,149
 bonaire ,,0,0,0,0,0,0,0,0,0,0,0,0,0,0,0,0,0,0,0,0,0,0,0,0,0,0,0,0,0,0,0,0,0,0,0,0,0,0,0,0,0,0,0,0
 bosnia ,,0,0,0,0,0,0,0,0,0,0,0,0,0,0,0,0,0,0,0,0,6,1,0,1,0,21,23,15,28,108,72,99,136,83,88,109,305,520,513,331,17,0,15508,2476
 herzegovina ,,0,0,0,0,0,0,0,0,0,0,0,0,0,0,0,0,0,0,0,0,6,0,0,2,0,19,16,12,25,73,61,83,116,65,61,71,268,464,411,285,15,0,14150,2053
 bosnia and herzegovina ,,0,0,0,0,0,0,0,0,0,0,0,0,0,0,0,0,0,0,0,0,6,0,0,0,0,19,16,12,21,73,61,82,116,58,51,66,253,444,394,238,14,0,13040,1924
 botswana ,,0,0,0,0,0,0,0,0,0,0,0,0,0,0,0,0,0,0,0,0,1,5,2,4,2,6,14,18,20,17,32,35,25,46,22,16,53,83,45,42,0,0,4560,488
 bouvet ,,0,0,0,0,0,0,0,0,0,0,0,0,0,0,0,0,0,0,0,0,0,0,0,0,0,0,2,2,7,1,0,0,3,0,0,0,0,4,0,1,0,0,138,20
 brazil ,,8,10,6,11,17,11,8,15,12,17,17,39,29,48,55,91,119,119,164,261,328,451,707,1468,2526,3040,3869,4237,4832,5968,5524,5966,6704,6917,6199,7468,10572,13788,15067,12239,621,11,1852738,119559
 brunei ,,0,2,0,0,0,0,0,0,0,0,5,0,0,0,0,8,6,2,9,0,0,0,7,4,7,3,16,19,11,47,32,17,55,48,62,80,112,240,112,59,29,0,11369,992
 darussalam ,,0,0,0,0,0,0,0,0,0,0,5,0,0,0,0,0,0,0,11,0,0,0,0,4,0,0,0,8,10,33,21,8,46,36,22,36,58,141,66,30,29,0,6756,564
 brunei darussalam ,,0,0,0,0,0,0,0,0,0,0,5,0,0,0,0,0,0,0,9,0,0,0,0,4,0,0,0,8,10,30,21,6,46,28,20,36,48,138,54,20,23,0,6069,506
 bulgaria ,,3,1,8,2,7,9,4,7,15,10,28,12,4,5,20,12,18,22,48,19,28,48,49,160,180,199,303,305,287,445,464,411,353,249,387,438,384,620,682,670,17,0,69958,6933
 burkina ,,0,0,0,0,0,0,0,0,0,0,0,0,0,0,0,0,0,0,0,0,0,0,0,0,0,2,5,2,5,9,6,3,23,9,29,35,32,14,33,61,1,0,1834,269
 burundi ,,0,0,0,0,0,0,0,0,0,0,0,0,0,0,0,0,0,0,0,0,0,0,0,0,0,0,0,0,0,0,0,0,0,0,0,0,0,8,17,21,0,0,170,46
 cambodia ,,0,0,0,0,0,0,0,0,0,0,0,0,0,0,0,0,0,0,0,0,0,0,4,4,2,4,1,7,0,17,11,2,8,2,65,40,13,28,57,36,0,0,3252,301
 cameroon ,,0,0,0,0,0,0,0,0,2,0,0,0,0,0,0,0,0,0,0,0,0,2,0,8,4,4,7,9,23,24,32,12,34,80,81,64,82,160,187,152,8,0,4620,975
 canada ,,135,221,257,308,309,341,332,591,553,584,377,613,538,810,839,915,932,1104,1005,1117,1335,1904,2645,4699,6356,8009,10234,10477,12426,16525,15767,16092,15342,14669,13495,13718,19841,27408,27678,22518,1734,37,9726244,274790
 verde ,,0,0,0,0,0,0,0,0,0,0,0,0,0,0,0,0,0,0,0,0,0,0,0,0,1,0,0,3,0,30,4,0,8,4,10,15,4,16,31,6,0,0,7562,132
 cape verde ,,0,0,0,0,0,0,0,0,0,0,0,0,0,0,0,0,0,0,0,0,0,0,0,0,0,0,0,3,0,0,3,0,6,4,10,11,0,8,31,0,0,0,1599,76
 cayman islands ,,0,0,0,0,0,0,0,0,0,0,0,0,0,0,0,0,0,0,0,0,0,0,0,0,0,0,0,0,0,0,0,0,0,0,0,1,0,0,0,0,0,0,2,1
 central african republic ,,0,0,0,0,0,0,0,0,0,0,0,0,0,0,0,0,0,0,0,0,0,0,0,0,0,0,0,0,0,0,0,0,0,0,0,3,0,0,0,0,0,0,15,3
 chad ,,0,0,0,0,0,0,0,0,0,0,0,0,0,0,0,0,0,0,0,0,0,0,0,0,0,0,0,0,0,3,0,0,0,3,0,0,2,0,0,0,0,0,21,8
 chile ,,2,3,2,3,2,5,3,6,3,13,6,8,11,14,25,23,15,14,19,45,56,77,73,200,385,408,661,715,809,972,981,1130,1127,1118,1269,1852,1917,2407,2665,2035,187,9,404302,21275
 china ,,13,10,24,35,54,59,53,100,138,82,104,107,144,267,205,187,282,307,505,605,873,1974,2577,5213,11960,18317,29369,29240,28507,43867,38896,48022,47372,51662,54217,66556,108058,166085,196054,165986,13650,327,16879381,1132063
 christmas island ,,0,0,0,0,0,0,0,0,0,0,0,0,0,0,0,0,0,0,0,0,0,0,0,0,0,0,0,0,0,0,0,0,0,0,0,0,0,0,0,0,0,0,0,0
 cocos (keeling) islands ,,0,0,0,0,0,0,0,0,0,0,0,0,0,0,0,0,0,0,0,0,0,0,0,0,0,0,0,0,0,0,0,0,0,0,0,0,0,0,0,0,0,0,0,0
 colombia ,,0,0,0,0,0,0,0,0,1,0,3,3,0,1,0,6,5,0,3,3,16,12,22,85,114,126,125,247,590,494,489,725,650,796,644,904,1376,1980,2413,1848,61,0,185131,13742
 comoros ,,0,0,0,0,0,0,0,0,0,0,0,0,0,0,0,0,0,0,0,0,0,0,0,0,0,0,0,0,0,5,0,3,0,0,7,0,0,0,4,0,0,0,82,19
 congo ,,0,0,0,0,0,0,0,0,0,0,0,0,0,1,0,0,0,0,0,0,0,0,0,0,0,0,8,0,5,0,0,0,0,3,0,10,8,43,23,4,0,0,1274,105
 the democratic republic of the congo ,,0,0,0,0,0,0,0,0,0,0,0,0,0,0,0,0,0,0,0,0,0,0,0,0,0,0,0,0,0,0,0,0,0,0,0,0,0,0,0,0,0,0,0,0
 cook islands ,,0,0,0,0,0,0,0,0,0,0,0,0,0,0,0,0,0,0,0,0,0,0,0,0,0,0,0,0,0,0,0,0,0,0,0,0,0,0,0,0,0,0,0,0
 costa rica ,,0,0,0,0,0,0,0,0,2,0,0,0,0,0,2,0,0,2,0,1,5,2,0,4,29,8,12,33,12,25,11,30,41,38,48,120,93,182,140,124,6,0,5756,970
 côte d'ivoire ,,0,0,0,0,0,0,0,0,0,0,0,0,0,0,0,0,0,0,0,0,0,0,0,0,0,0,3,0,0,0,0,0,1,0,0,3,0,9,4,3,0,0,42,23
 croatia ,,0,0,0,0,0,0,4,0,3,1,3,2,1,5,1,8,8,13,28,21,14,17,21,57,75,71,160,213,256,386,394,384,548,398,331,464,657,1136,1033,738,61,0,283632,7512
 cuba ,,0,0,0,0,0,0,0,0,0,1,1,0,0,3,5,2,1,0,4,14,8,18,25,87,108,139,260,258,288,249,382,294,262,248,193,241,220,343,334,221,20,0,86388,4229
 curaçao ,,0,0,0,0,0,0,0,0,0,0,0,0,0,0,0,0,0,0,0,0,0,0,0,0,0,0,0,0,0,0,2,0,0,0,0,0,3,0,0,0,0,0,13,5
 cyprus ,,0,0,0,1,0,0,0,0,0,0,0,0,8,3,2,6,11,20,24,30,13,45,49,77,137,235,265,287,311,518,487,476,778,539,568,590,722,1316,1024,1116,104,1,155815,9763
 czech republic ,,0,0,0,0,0,0,0,0,2,2,2,7,0,27,50,33,39,55,61,103,120,151,237,590,646,845,1078,1462,1437,1946,1967,2243,2487,2053,2625,2611,3375,3758,3645,3187,160,0,734775,37004
 denmark ,,29,27,18,13,13,20,24,49,61,61,52,56,51,94,166,108,99,181,162,292,260,307,518,866,1081,1384,1525,1771,1959,2588,3020,3055,2971,3018,2850,3284,4425,5800,6271,4508,267,7,1745934,53311
 djibouti ,,0,0,0,0,0,0,0,0,0,0,0,0,0,0,0,0,0,0,0,0,0,0,0,0,0,0,0,0,0,0,0,0,0,0,0,0,0,0,3,13,0,0,0,16
 dominica ,,0,0,0,0,0,0,0,0,0,0,0,0,0,0,0,0,0,0,0,0,0,0,0,0,0,1,0,0,0,0,0,0,0,3,0,0,0,0,0,0,0,0,10,4
 dominican republic ,,0,0,0,0,0,0,1,0,0,0,0,0,0,0,0,0,0,0,0,0,0,0,0,0,3,0,0,0,0,2,5,4,7,8,0,3,0,11,0,12,10,0,554,66
 ecuador ,,0,0,0,0,0,0,0,0,0,0,0,0,0,1,0,0,0,0,0,0,8,0,10,7,15,3,27,29,17,14,32,30,51,71,144,260,649,960,1257,894,60,0,23502,4539
 egypt ,,0,0,4,2,5,11,2,7,10,8,5,1,1,8,20,2,11,16,13,17,40,82,114,263,343,407,310,351,431,716,776,796,953,1058,1055,1120,2038,2273,2753,2456,152,11,204430,18641
 el salvador ,,0,0,0,0,0,0,0,0,0,0,0,0,0,0,0,0,0,0,0,0,0,0,0,0,1,0,0,0,0,3,0,0,0,0,4,3,13,0,6,7,0,0,1266,37
 england ,,43,102,103,125,85,75,42,60,46,75,78,66,91,122,113,154,155,159,113,165,179,149,173,354,367,350,710,1732,3643,3910,4430,4091,5162,6843,9330,10841,12837,11788,14988,11747,669,0,4267296,106265
 equatorial guinea ,,0,0,0,0,0,0,0,0,0,0,0,0,0,0,0,0,0,0,0,0,0,0,0,0,0,0,0,0,0,0,0,0,0,0,0,0,0,0,0,0,0,0,0,0
 eritrea ,,0,0,0,0,0,0,0,0,0,0,0,0,0,0,0,0,0,0,0,0,0,0,0,0,6,0,2,5,0,0,0,0,0,0,0,0,0,8,0,9,0,0,220,30
 estonia ,,0,0,0,1,0,0,0,0,0,0,0,3,1,5,1,4,5,10,10,6,7,22,38,33,29,94,98,137,174,249,280,290,368,358,439,282,683,793,799,847,32,0,119834,6098
 ethiopia ,,0,0,0,0,0,0,0,0,0,0,0,0,0,1,0,0,0,0,0,0,0,0,0,4,4,2,5,11,3,9,40,17,70,28,63,177,114,156,138,154,0,0,6109,996
 falkland islands (malvinas) ,,0,0,0,0,0,0,0,0,0,0,0,0,0,0,0,0,0,0,0,0,0,0,0,0,0,0,0,0,0,0,0,0,0,0,0,0,0,0,0,0,0,0,0,0
 faroe islands ,,0,0,0,0,0,0,0,0,0,0,0,0,0,0,1,0,0,0,0,0,0,0,0,0,0,0,0,0,4,0,3,0,0,0,0,0,0,6,9,11,0,0,155,34
 fiji ,,0,0,0,0,0,0,0,0,1,0,0,0,0,0,0,0,0,0,0,0,1,2,4,8,12,11,20,38,25,27,40,24,32,28,41,28,86,33,46,43,5,0,21299,555
 finland ,,14,14,34,57,49,41,26,62,51,49,44,70,38,57,108,82,142,154,198,288,340,425,701,1360,1713,2058,2379,2529,2840,4118,4009,3864,3970,3884,3417,3711,5313,7846,7434,5943,310,7,1944814,69749
 france ,,134,150,184,243,325,307,266,386,341,388,382,558,509,651,866,867,1011,1237,1429,1637,1949,2652,3403,6746,8350,11095,13048,15161,16791,22023,21564,21474,22912,20668,19671,22031,28169,34792,34595,24530,1799,30,9474106,365324
 french guiana ,,0,0,0,0,0,0,0,0,0,0,0,0,0,0,0,0,0,0,0,0,0,0,0,0,0,0,0,0,10,5,0,5,8,0,6,7,30,0,5,0,0,0,1490,76
 french polynesia ,,0,0,0,0,0,0,0,0,0,0,0,0,0,0,0,0,0,0,0,0,0,0,0,0,0,0,0,0,0,4,3,15,6,2,0,4,2,5,9,0,0,0,1275,50
 french southern territories ,,0,0,0,0,0,0,0,0,0,0,0,0,0,0,0,0,0,0,0,0,0,0,0,0,0,0,0,0,0,0,0,0,0,0,0,0,0,0,0,0,0,0,0,0
 gabon ,,0,0,0,0,0,0,0,0,0,0,0,0,0,0,0,0,0,0,0,0,0,0,0,0,0,0,0,0,0,4,0,0,4,3,4,20,11,34,82,10,0,0,974,172
 gambia ,,0,0,0,0,0,0,0,0,0,0,0,0,0,0,0,0,0,0,0,0,0,0,0,0,0,0,0,0,3,0,0,0,0,3,0,0,0,0,0,0,0,0,75,6
 georgia ,,43,25,73,51,64,93,47,72,79,115,133,168,128,238,339,326,389,381,355,482,596,797,968,1411,1910,2507,2648,2638,3394,3885,3970,4023,4332,4488,3467,4343,5278,7585,7777,6264,458,0,3539189,76340
 germany ,,322,593,646,730,855,836,636,943,922,1112,972,1118,1066,1486,1672,1964,1642,1612,2050,2796,2565,3685,4206,8551,10369,12641,16193,18097,21016,27098,27259,28354,27290,24478,22501,23366,33165,44020,44039,35605,2005,23,13345289,460499
 ghana ,,0,0,0,0,0,0,0,0,0,0,0,0,0,0,0,0,0,0,0,0,0,0,0,0,0,3,3,2,7,3,30,41,16,39,30,122,65,209,148,191,12,0,82889,921
 gibraltar ,,0,0,0,0,0,0,0,0,0,0,0,0,0,0,0,0,0,0,0,0,0,0,0,0,0,0,0,0,0,0,0,0,0,0,0,0,2,0,0,0,0,0,2,2
 greece ,,8,20,12,19,19,31,13,39,33,49,32,31,64,109,115,156,146,187,261,293,394,573,761,1452,1958,2460,3427,4112,4003,5611,5078,4842,5017,4441,3635,4101,5554,8257,7689,5977,310,10,1680675,81299
 greenland ,,0,0,0,0,0,0,0,0,0,0,0,0,0,0,0,0,0,0,0,0,0,0,0,0,0,8,0,14,0,0,7,15,0,10,0,21,0,17,43,56,0,0,12276,191
 grenada ,,0,0,0,0,0,0,0,0,0,0,0,0,0,0,0,0,0,0,0,0,0,0,0,0,0,0,0,0,0,2,0,0,0,0,0,2,5,0,0,9,0,0,70,18
 guadeloupe ,,0,0,0,0,0,0,0,0,0,0,0,0,0,0,0,0,0,0,0,0,0,0,0,0,0,0,1,0,9,7,9,10,16,1,2,7,0,7,6,6,0,0,808,81
 guam ,,0,0,0,0,0,0,0,0,0,0,0,0,0,0,0,1,0,0,1,0,0,0,0,1,2,1,0,0,0,0,0,0,1,7,3,3,3,17,5,26,0,0,1403,71
 guatemala ,,0,0,0,0,0,0,0,0,0,0,0,0,0,0,0,0,0,0,1,0,0,1,0,0,0,0,0,3,2,0,5,15,9,18,5,18,25,48,28,41,0,0,977,219
 guernsey ,,0,0,0,0,0,0,0,0,0,0,0,0,0,0,0,0,0,0,0,0,0,0,0,0,0,0,0,0,0,0,0,0,0,0,0,0,0,0,0,0,0,0,0,0
 guinea ,,0,0,0,0,0,0,0,0,0,0,0,2,0,0,0,0,0,0,2,2,0,0,0,0,0,0,0,0,0,0,0,0,0,6,14,9,91,40,24,5,3,0,9548,198
 guinea-bissau ,,0,0,0,0,0,0,0,0,0,0,0,0,0,0,0,0,0,0,0,0,0,0,0,0,0,0,0,0,0,0,0,0,0,0,0,0,0,0,0,0,0,0,0,0
 guyana ,,0,0,0,0,0,0,0,0,0,0,0,0,0,0,0,0,0,0,0,0,0,0,0,0,0,0,0,0,7,0,3,8,0,0,4,0,0,0,0,1,0,0,119,23
 haiti ,,0,0,0,0,0,0,0,0,0,0,0,0,0,0,0,0,0,0,0,0,0,0,0,0,0,0,0,0,0,3,0,0,15,12,0,21,7,5,0,0,0,0,911,63
 heard island and mcdonald islands ,,0,0,0,0,0,0,0,0,0,0,0,0,0,0,0,0,0,0,0,0,0,0,0,0,0,0,0,0,0,0,0,0,0,0,0,0,0,0,0,0,0,0,0,0
 holy see (vatican city state) ,,0,0,0,0,0,0,0,0,0,0,0,0,0,0,0,0,0,0,0,0,0,0,0,0,0,0,0,0,0,0,0,0,0,0,0,0,0,0,0,0,0,0,0,0
 honduras ,,0,0,0,0,0,0,0,0,0,0,0,0,2,0,0,0,0,0,0,0,0,0,0,0,0,0,0,0,0,2,0,0,0,1,0,0,19,15,21,33,0,0,510,93
 hong kong ,,2,2,2,7,14,12,8,27,22,24,20,18,69,86,178,179,318,379,496,527,716,1137,1425,2304,3535,3860,4430,4279,4490,6489,6279,5689,5923,5468,4957,6572,7331,11775,12300,9426,1233,16,4082068,112024
 hungary ,,32,40,45,54,48,32,24,82,41,58,27,59,59,75,57,68,65,105,112,136,154,210,279,594,646,790,846,885,1159,1362,1348,1167,1276,1246,1210,1481,1280,1769,1953,1508,94,0,498270,22476
 iceland ,,0,0,0,0,4,0,0,0,0,0,0,4,1,0,2,12,2,6,4,16,8,9,23,90,41,64,83,110,150,192,291,308,273,155,216,246,314,416,291,238,7,0,109823,3576
 india,,102,94,128,140,130,168,144,273,176,215,210,238,185,301,357,348,373,463,459,611,667,906,1350,1987,3079,4031,5458,6262,6826,9588,11916,13944,14254,12894,13265,16258,18363,28618,29825,23924,2402,91,4193289,231023
 indonesia ,,0,0,0,0,0,0,0,0,0,0,0,1,0,1,0,0,3,2,3,1,3,4,3,49,16,52,44,61,103,141,212,185,228,215,251,311,796,1106,1045,837,49,2,34369,5724
 iran ,,3,4,1,1,3,1,0,0,0,2,0,2,1,6,2,7,7,9,7,28,39,53,56,254,526,857,1312,2038,2407,3241,3299,4118,4052,3946,3694,4629,5634,8361,8675,7057,874,28,1092929,65234
 islamic republic of iran ,,0,0,0,0,0,0,0,0,0,0,0,0,0,0,0,2,0,0,0,4,0,0,0,11,4,0,8,11,27,39,36,100,59,56,49,64,59,138,92,71,3,0,13541,833
 iraq ,,6,3,0,1,2,3,0,2,8,0,0,0,2,0,2,0,0,0,2,0,1,1,0,0,0,0,13,5,13,24,31,44,45,113,76,129,188,415,625,743,57,0,18669,2554
 ireland ,,0,7,7,13,12,6,13,27,36,9,25,24,24,53,58,61,47,121,102,137,172,228,263,703,1102,1665,1836,1990,2192,2898,3023,2865,2840,2470,2088,2297,3483,4588,4805,3982,272,13,1100736,46557
 isle of man ,,0,0,0,0,0,0,0,0,0,0,0,0,0,0,0,0,0,0,0,0,0,3,2,8,0,6,7,8,3,4,0,0,4,2,5,5,0,0,0,0,0,0,890,57
 israel ,,60,49,73,86,94,141,82,183,173,204,152,230,193,271,335,351,312,476,508,636,632,867,1124,1588,1978,2209,2813,2952,3760,4087,4141,4259,4207,3778,3858,3992,4687,5774,5792,4750,426,0,2709778,72283
 italy ,,60,74,101,138,176,147,85,237,290,248,243,436,270,489,516,665,727,913,1194,1308,1511,2296,2961,5683,6800,8873,10063,12151,12854,16984,16496,16499,16186,15568,14089,16995,23825,32443,31559,26219,1586,48,7232714,300006
 jamaica ,,0,0,0,0,2,0,0,4,0,0,0,0,0,0,0,1,0,0,0,3,3,1,0,4,3,7,2,11,12,22,49,9,62,18,19,11,32,36,50,32,5,0,6187,398
 japan ,,168,134,190,336,291,295,394,357,398,358,299,514,424,578,760,711,1037,1101,1298,1318,1865,2431,3074,5799,8200,9358,12468,12421,11595,17833,14662,14010,14392,12492,10248,12706,22528,30375,28126,21149,1063,16,4604487,277772
 jersey ,,45,45,53,94,89,68,47,53,63,100,69,121,131,162,162,161,148,205,270,242,226,259,226,435,450,630,623,675,706,908,754,666,672,600,512,628,1022,1659,1643,1298,154,0,598665,17074
 jordan ,,0,0,0,3,0,1,1,0,1,4,1,2,0,2,6,7,4,5,11,30,25,37,30,65,109,107,121,204,173,249,428,470,395,438,430,553,625,909,1384,1057,181,6,159759,8074
 kazakhstan ,,0,0,0,0,0,0,0,0,0,0,0,0,0,0,0,0,0,0,0,4,0,3,2,9,45,0,14,9,15,16,10,15,62,73,92,177,235,366,465,374,10,0,14717,1996
 kenya ,,0,0,2,0,10,0,1,4,4,4,2,5,4,8,7,20,26,8,24,19,49,20,13,44,18,40,71,70,22,46,126,119,220,167,231,501,180,303,271,241,13,0,47951,2913
 kiribati ,,0,0,0,0,0,0,0,0,0,0,0,0,0,0,0,0,0,0,0,0,0,0,0,0,0,0,0,0,0,0,0,0,0,0,0,0,0,0,0,0,0,0,0,0
 democratic people's republic of korea  ,,0,0,0,0,0,0,0,0,0,0,0,0,0,0,0,0,0,0,0,0,0,0,0,0,0,0,0,0,0,0,0,0,0,0,0,0,0,0,0,0,0,0,0,0
 korea ,,4,2,5,15,8,15,9,21,29,21,32,50,74,152,225,187,288,413,455,518,826,1111,1646,4665,7808,10263,13473,11777,9844,14230,12061,14263,14067,12936,11139,13003,19809,27769,26971,21255,1502,18,3980101,252959
 republic of korea ,,0,0,0,10,0,0,4,0,0,0,0,0,18,15,14,2,4,39,20,44,40,109,265,582,1423,1913,2749,3347,3459,4653,4070,4759,4716,4264,3225,3461,4990,8303,6172,6133,393,6,1066014,69202
 kuwait ,,0,5,7,2,4,8,2,5,1,7,5,0,6,6,21,18,21,14,22,42,29,30,48,35,46,58,80,111,139,215,227,247,183,239,231,252,299,315,363,338,46,1,66874,3728
 kyrgyzstan ,,0,0,0,0,0,0,0,0,0,0,0,0,0,0,0,0,0,0,0,0,0,0,0,0,3,0,0,0,0,0,1,4,4,0,0,6,3,0,31,9,0,0,131,61
 lao people's democratic republic ,,0,0,0,0,0,0,0,0,0,0,0,0,0,0,0,0,0,0,0,0,0,0,0,0,0,0,0,0,0,0,0,0,0,0,0,0,0,0,0,0,0,0,0,0
 latvia ,,0,0,0,0,0,0,0,0,0,0,4,2,0,8,6,4,2,5,11,7,4,12,3,7,14,13,24,62,121,205,199,159,186,141,231,164,325,257,308,178,8,0,22732,2670
 lebanon ,,0,0,1,0,0,0,0,0,2,0,0,0,1,0,0,0,4,3,3,5,9,13,25,29,60,101,161,207,126,274,273,342,233,301,295,366,577,972,929,848,52,0,75667,6212
 lesotho ,,0,0,0,0,0,0,0,0,0,0,0,0,0,0,0,0,0,0,0,0,0,0,0,0,0,0,0,0,1,0,1,0,0,0,0,0,3,3,0,0,0,0,12,8
 liberia ,,0,0,0,0,0,0,0,0,0,0,0,0,0,0,0,0,0,0,0,0,0,0,0,0,0,0,1,4,0,0,0,0,0,0,0,2,0,0,0,10,0,0,33,17
 libya ,,0,0,0,0,0,0,0,0,0,0,0,0,3,0,0,0,1,0,0,2,3,0,0,1,2,0,0,5,10,13,38,24,11,7,20,46,36,84,67,31,0,0,3562,404
 liechtenstein ,,0,0,0,0,0,0,0,0,0,0,0,0,0,0,0,0,0,0,0,4,0,0,0,3,2,0,5,3,5,10,34,38,18,22,21,14,34,38,67,32,8,0,10095,358
 lithuania ,,0,0,1,0,0,0,0,0,0,0,0,4,2,0,4,1,0,1,7,11,11,28,16,73,78,112,192,206,121,227,252,216,362,271,270,299,356,465,532,477,8,0,55984,4603
 luxembourg ,,1,2,2,0,3,0,3,2,2,0,1,1,0,0,3,0,2,0,4,11,2,2,6,23,42,88,162,202,302,463,683,651,834,798,766,1258,1156,1749,1555,1487,80,0,263365,12346
 macao ,,0,0,0,0,0,0,0,0,0,0,0,0,0,0,0,0,1,0,0,0,2,0,2,6,12,98,44,69,62,140,80,60,100,89,48,81,69,153,160,96,5,0,19299,1377
 macedonia ,,0,0,0,0,0,0,0,0,0,0,0,0,5,0,0,2,3,2,4,9,1,16,7,15,34,50,41,47,102,164,250,184,181,116,277,406,347,618,487,379,12,0,27106,3759
 madagascar ,,0,0,0,0,0,0,0,0,0,0,0,0,0,0,1,1,0,0,0,0,0,0,0,2,0,0,5,5,7,3,7,5,2,3,6,17,16,28,19,16,0,0,1064,143
 malawi ,,0,0,0,0,0,0,0,0,0,0,0,0,0,0,0,0,0,0,0,0,0,2,0,0,1,3,2,0,5,1,9,11,5,25,28,11,25,21,16,32,8,0,2214,205
 malaysia ,,2,0,0,0,0,5,2,0,3,6,2,6,0,2,12,16,4,11,14,24,36,49,66,225,387,337,592,775,773,1401,1609,2716,2745,2891,3138,3997,3690,5387,5655,4280,332,8,547847,41198
 maldives ,,0,0,0,0,0,0,0,0,0,0,0,0,0,0,0,0,0,0,0,0,0,0,0,0,0,0,0,1,3,0,0,0,0,0,0,0,0,2,0,0,0,0,65,6
 mali ,,0,0,0,0,0,0,0,0,0,0,0,0,0,0,0,0,0,0,0,0,0,0,0,0,0,0,0,3,0,5,6,3,20,40,0,24,6,24,37,30,0,0,1879,198
 malta ,,0,0,0,1,0,0,0,2,0,1,0,0,0,0,1,0,1,0,5,2,4,8,3,9,15,18,20,32,49,77,78,66,75,86,78,115,198,296,275,240,2,0,19592,1757
 marshall islands ,,0,0,0,0,0,0,0,0,0,0,0,0,0,0,0,0,0,0,0,0,0,0,0,0,0,0,0,0,0,0,0,0,0,0,0,0,0,0,0,0,0,0,0,0
 martinique ,,0,0,0,0,0,0,0,0,0,0,0,0,0,0,0,0,0,0,0,0,0,0,4,3,3,0,4,0,1,6,12,3,0,0,0,0,0,9,0,0,0,0,531,45
 mauritania ,,0,0,0,0,0,0,0,0,0,0,0,0,0,0,0,0,0,0,0,0,0,0,0,0,0,2,0,0,0,0,0,0,0,0,0,10,4,0,9,0,0,0,164,25
 mauritius ,,0,0,0,0,0,0,0,0,0,0,0,0,0,0,0,1,1,0,0,5,7,2,0,0,5,4,20,18,23,21,38,11,28,26,17,36,14,52,92,58,8,0,3157,487
 mayotte ,,0,0,0,0,0,0,0,0,0,0,0,0,0,0,0,0,0,0,0,0,0,0,0,0,0,0,0,0,0,0,0,0,0,0,0,0,0,0,0,0,0,0,0,0
 mexico ,,16,13,14,22,33,30,33,43,44,43,40,85,91,55,98,105,105,86,151,176,179,231,327,613,866,1099,1240,1498,1883,2138,1930,2106,2482,2507,2525,3075,3539,4494,4940,4466,281,5,686100,43707
 micronesia ,,0,0,0,0,0,0,0,0,0,0,0,0,0,0,0,0,0,0,0,0,0,0,0,0,0,0,0,0,0,0,0,0,0,0,0,0,0,0,0,0,0,0,0,0
 moldova ,,0,0,0,0,0,0,0,0,0,0,0,0,2,1,2,3,5,3,4,1,0,6,8,9,22,17,25,20,17,19,32,22,19,14,42,20,30,42,12,15,8,0,5479,420
 monaco ,,0,0,0,0,0,0,0,0,0,0,0,0,0,0,0,0,0,0,0,0,0,0,0,0,0,0,0,13,14,4,0,0,0,24,0,0,0,12,4,0,0,0,2388,71
 mongolia ,,0,0,0,0,0,0,0,0,0,0,0,0,0,0,1,0,3,0,0,0,0,0,0,9,10,18,70,51,73,70,157,232,229,251,299,279,359,561,1015,822,70,0,43029,4579
 montenegro ,,0,0,0,0,0,0,0,0,0,0,0,0,0,0,1,0,2,2,3,3,4,10,10,19,149,289,267,158,106,45,72,44,58,66,67,113,123,257,211,111,5,0,35936,2195
 montserrat ,,0,0,0,0,0,0,0,0,0,0,0,0,0,0,0,0,0,0,0,0,0,0,0,0,0,0,6,4,0,3,5,0,0,0,7,2,1,0,0,0,0,0,932,28
 morocco ,,0,2,1,0,0,1,0,4,2,0,4,1,0,2,0,4,3,2,3,28,46,52,11,32,53,41,102,96,163,213,259,293,349,324,368,705,2209,1950,2166,1370,108,0,54026,10967
 mozambique ,,0,0,0,0,0,0,0,0,0,0,0,0,0,0,0,0,0,1,0,0,0,3,0,0,8,0,13,2,3,7,8,0,0,0,9,13,0,11,23,4,0,0,1238,105
 myanmar ,,0,0,0,0,0,0,0,0,0,0,0,0,0,0,0,0,0,0,2,0,0,1,0,4,0,0,2,12,5,6,8,13,12,13,3,80,75,81,120,21,4,0,1048,462
 namibia ,,0,0,0,0,0,0,0,0,0,0,0,0,0,0,0,0,0,0,0,0,0,0,0,0,0,0,1,5,19,7,12,25,38,30,20,30,82,52,96,58,4,0,5929,479
 nauru ,,0,0,0,0,0,0,0,0,0,0,0,0,0,0,0,0,0,0,0,0,0,0,0,0,0,0,0,0,0,0,0,0,0,0,0,0,0,0,0,0,0,0,0,0
 nepal ,,0,0,0,0,0,0,0,0,0,0,0,0,0,0,0,0,0,0,0,0,0,0,0,3,3,6,21,23,21,12,12,3,27,11,6,14,13,46,115,49,0,0,2291,385
 netherlands ,,41,78,85,134,132,100,89,250,200,267,212,240,239,337,458,498,457,642,728,743,907,1359,1773,3157,3936,4514,5603,6475,7657,9420,9986,9767,9460,9396,8671,8521,10770,13390,14326,12338,836,0,5294331,158192
 new caledonia ,,0,0,0,0,0,0,0,0,0,0,0,0,0,0,0,0,0,0,0,0,0,0,0,0,1,10,6,0,12,6,10,8,7,18,15,17,13,7,26,14,0,0,1842,170
 new zealand ,,2,9,4,4,14,23,10,8,25,32,13,16,16,40,43,82,52,125,123,153,116,249,305,539,867,904,1221,1057,1388,1566,1582,1836,1966,1621,1556,1617,2167,3226,3265,2701,258,15,991264,30816
 nicaragua ,,0,0,0,0,0,0,0,0,0,0,0,0,0,0,0,0,0,0,0,0,0,0,6,0,0,0,0,4,0,0,0,0,3,0,0,0,13,0,5,6,0,0,359,37
 niger ,,0,0,0,0,0,0,0,0,0,0,0,0,0,0,0,0,0,1,0,0,0,0,0,0,0,0,0,0,2,13,3,22,2,2,20,20,27,8,21,19,0,0,785,160
 nigeria ,,0,0,1,6,7,6,0,3,3,1,1,1,2,0,0,0,0,0,0,1,0,3,7,13,21,4,29,29,60,52,124,127,113,142,149,165,198,399,345,510,30,2,21901,2554
 niue ,,0,0,0,0,0,0,0,0,0,0,0,0,0,0,0,0,0,0,0,0,0,0,0,0,0,0,0,0,0,0,0,0,0,0,0,0,0,0,0,0,0,0,0,0
 norfolk ,,0,0,4,2,4,0,0,1,0,0,0,0,8,9,9,1,1,13,9,11,4,3,18,10,39,27,58,52,71,70,72,92,33,33,30,21,28,55,61,86,0,0,36660,935
 mariana ,,0,0,0,0,0,0,0,0,0,0,0,0,0,0,0,0,0,0,0,0,0,0,0,0,0,0,0,1,0,0,0,0,0,6,0,0,1,0,0,12,0,0,1430,20
 norway ,,7,10,5,10,13,21,17,32,20,12,22,47,18,50,46,42,52,69,114,121,123,273,256,528,716,1011,1544,1662,2041,3043,2664,2412,2635,2488,2122,2338,3476,4327,4756,4055,305,1,1077276,43504
 oman ,,0,0,0,0,0,0,0,0,0,0,0,0,0,0,0,3,0,4,0,4,6,18,37,36,49,37,40,77,55,93,89,99,100,96,100,140,160,231,407,282,50,0,25159,2213
 pakistan ,,0,0,0,0,1,0,1,1,0,0,0,5,2,2,5,0,2,0,2,2,7,13,7,35,95,98,286,460,604,813,896,863,1049,1055,1263,1527,2373,4806,6369,6454,455,28,315414,29579
 palau ,,0,0,0,0,0,0,0,0,0,0,0,0,0,0,0,0,0,0,0,0,0,0,0,1,0,0,0,0,0,0,0,0,0,0,0,4,0,8,27,5,0,0,87,45
 palestine ,,0,0,0,0,0,0,0,0,0,0,0,0,0,0,0,0,0,0,1,0,1,2,3,7,4,6,11,18,19,7,26,32,37,31,31,53,50,161,249,137,28,4,11028,918
 panama ,,0,0,0,0,0,0,0,1,0,0,0,1,2,5,2,0,5,0,1,0,0,1,1,0,16,10,27,15,45,46,43,83,66,43,63,67,80,105,79,73,3,0,16094,883
 new guinea ,,0,0,0,0,0,0,0,0,0,0,0,2,0,0,0,0,0,0,2,2,0,0,0,0,0,0,0,0,0,0,0,0,0,6,5,0,91,3,11,5,0,0,8806,127
 paraguay ,,0,0,0,0,0,0,0,0,0,0,0,0,0,0,0,0,0,0,0,0,0,3,0,7,11,8,14,19,7,7,10,17,4,19,32,32,86,105,84,72,7,0,7721,544
 peru ,,0,1,0,0,0,0,0,0,0,0,0,0,0,0,0,0,8,1,0,0,0,0,3,3,2,3,13,23,33,53,42,43,43,49,56,208,139,273,288,290,6,0,41810,1580
 philippines ,,0,0,0,0,0,0,0,0,2,0,0,1,2,3,3,1,6,3,4,2,2,6,15,35,33,45,18,66,94,85,76,139,90,76,137,166,273,571,933,367,0,0,27945,3254
 pitcairn ,,0,0,0,0,0,0,0,0,0,0,0,0,0,0,0,0,0,0,0,0,0,0,0,0,0,0,0,0,0,0,0,0,0,0,0,0,0,0,0,0,0,0,0,0
 poland ,,18,34,47,36,59,62,12,77,79,57,39,56,48,70,94,91,77,88,127,122,242,347,423,1107,1636,2127,2357,2356,2712,3514,3677,4238,4516,3613,3612,4649,5373,7255,6690,5326,278,0,866743,67341
 portugal ,,0,3,5,3,6,5,5,6,6,9,37,15,19,39,44,52,65,82,78,129,165,231,350,977,1092,1399,1706,2268,2732,3700,3899,4604,4714,4278,4070,5117,5577,8193,7607,6411,258,6,1221688,69962
 rico ,,0,0,0,0,0,0,0,6,0,0,2,8,0,4,16,8,4,22,29,13,31,8,30,34,72,38,69,80,83,125,106,134,116,81,81,122,103,132,122,166,7,0,24606,1852
 puerto rico ,,0,0,0,0,0,0,0,6,0,0,2,8,0,4,16,8,4,22,29,12,26,8,30,34,70,38,69,80,83,125,106,128,115,81,81,122,103,130,122,165,7,0,24387,1834
 qatar ,,0,0,0,0,0,0,0,0,0,0,0,0,0,0,1,3,0,0,0,1,1,0,6,1,16,7,18,41,128,160,157,226,474,777,906,1396,1623,2151,2230,1964,161,1,261953,12449
 réunion ,,0,0,0,0,0,0,0,0,0,0,0,0,0,0,0,0,1,0,0,0,6,5,0,4,0,1,8,13,8,0,3,0,10,0,4,1,3,4,3,2,0,0,801,76
 romania ,,2,7,7,7,7,2,1,12,7,1,2,4,8,8,26,16,24,36,33,14,30,78,126,220,255,303,564,809,927,1375,1331,1245,1460,1029,1109,1572,1678,2278,2249,1737,84,0,233542,20683
 russia,,0,0,0,0,0,0,0,0,1,2,4,5,38,63,134,128,101,214,203,221,293,442,504,828,746,1092,1068,1380,1197,1674,1807,1777,1925,2442,2953,3223,4464,6117,6944,5762,403,16,655050,48171
 rwanda ,,0,0,0,0,0,0,0,0,0,0,0,0,0,0,0,0,0,0,0,0,0,0,0,1,0,0,0,0,0,5,20,0,3,16,6,16,27,35,16,51,21,0,1238,217
 barthelemy ,,0,0,0,0,0,0,0,0,0,0,0,0,0,0,0,0,0,0,0,0,0,0,0,5,1,0,2,0,0,0,9,10,10,0,0,0,4,0,6,0,0,0,205,47
 helena ,,0,0,0,0,0,0,0,0,0,0,0,0,0,0,0,0,0,0,0,0,0,0,0,0,0,2,0,0,0,0,7,0,0,4,0,0,0,17,17,0,0,0,878,47
 samoa ,,0,0,0,0,0,0,0,0,0,0,0,0,0,0,0,0,0,0,0,0,0,0,0,0,0,0,0,2,2,0,0,0,6,0,0,0,0,0,0,14,0,0,314,24
 san marino ,,0,0,0,0,0,0,0,0,0,0,0,0,0,0,0,0,0,0,0,0,0,0,0,0,0,0,0,0,0,0,0,0,0,0,0,0,0,2,0,3,0,0,6,5
 sao tome and principe ,,0,0,0,0,0,0,0,0,0,0,0,0,0,0,0,0,0,0,0,0,0,0,0,0,0,0,0,0,0,0,0,0,0,0,0,0,0,0,0,0,0,0,0,0
 ksa ,,0,0,0,0,0,0,0,0,0,0,0,0,0,0,0,0,0,0,0,0,1,0,0,0,4,1,5,3,3,1,12,30,40,34,42,13,117,124,144,103,0,0,4247,677
 k.s.a. ,,0,0,0,0,0,0,0,0,0,0,0,0,0,0,0,0,0,0,0,0,0,0,0,0,0,0,0,0,0,4,0,0,0,0,4,0,2,0,0,0,0,0,72,10
 saudi arabia ,,1,2,1,0,6,3,1,2,3,5,10,10,6,6,27,14,10,25,10,14,29,57,79,121,129,123,188,196,283,402,740,1355,1297,1876,2059,2885,3955,5522,5943,5322,405,17,708010,33139
 senegal ,,0,0,0,0,0,0,0,0,0,0,0,0,0,0,2,0,0,0,2,0,0,0,0,0,0,7,0,12,16,17,23,46,21,40,38,33,57,89,106,189,9,0,4468,707
 serbia ,,0,0,0,0,0,0,0,0,0,0,0,0,0,0,0,6,1,2,3,2,5,3,7,43,161,329,310,404,419,709,800,882,1091,811,836,1005,1058,1542,1352,1342,146,0,176387,13269
 seychelles ,,0,0,0,0,0,0,0,0,0,0,0,0,0,0,0,0,0,0,0,0,0,0,0,0,0,0,0,0,0,0,0,0,5,0,0,7,0,0,0,0,0,0,8,12
 sierra leone ,,0,0,0,0,0,0,0,0,0,0,0,0,0,0,0,0,0,0,0,0,0,0,0,0,0,0,0,0,0,0,0,0,0,0,0,10,0,5,9,12,0,0,438,36
 singapore ,,4,4,1,6,17,12,6,11,18,37,37,54,41,123,152,206,253,285,333,407,600,834,1093,1909,2860,3302,3926,3451,4194,5729,5377,5890,6234,5971,5282,6699,9201,12509,12666,9102,683,4,3548783,109523
 sint maarten ,,0,0,0,0,0,0,0,0,0,0,0,0,0,0,0,0,0,0,0,0,0,0,0,0,0,0,0,0,0,0,0,0,0,0,0,0,0,0,0,0,0,0,0,0
 slovakia ,,0,0,0,0,0,0,0,0,0,0,0,0,1,5,8,1,5,32,9,25,18,52,75,91,222,156,203,343,332,421,495,502,513,477,576,609,884,995,938,995,102,0,106794,9085
 slovenia ,,0,0,0,1,0,0,0,0,0,0,0,0,16,20,27,36,46,45,35,85,89,147,192,354,287,428,399,774,725,800,965,925,1129,936,899,1001,1152,1505,1495,1449,111,0,474448,16073
 solomon islands ,,0,0,0,0,0,0,0,0,0,0,0,0,0,0,0,0,0,0,0,0,0,0,0,0,0,0,0,0,0,0,0,0,0,0,0,0,0,0,0,0,0,0,0,0
 somalia ,,0,0,0,0,0,0,0,0,0,0,0,0,0,0,0,0,0,0,0,0,0,0,0,0,0,0,0,0,0,0,0,0,0,0,0,0,14,10,0,25,0,0,138,49
 south africa ,,9,6,7,10,7,23,5,10,6,16,5,10,12,14,13,20,48,25,40,34,90,99,126,187,322,276,477,472,757,853,847,875,1046,1105,1042,1295,1371,2445,1965,1571,88,5,324923,17634
 south georgia and the south sandwich islands ,,0,0,0,0,0,0,0,0,0,0,0,0,0,0,0,0,0,0,0,0,0,0,0,0,0,0,0,0,0,0,0,0,0,0,0,0,0,0,0,0,0,0,0,0
 south sudan ,,0,0,0,0,0,0,0,0,0,0,0,0,0,0,0,0,0,0,0,0,0,0,0,0,0,0,0,0,0,0,0,0,0,0,0,0,0,0,0,0,0,0,0,0
 spain ,,8,0,13,40,16,40,10,47,34,44,50,109,116,256,201,276,327,378,490,784,815,1578,2021,5087,5995,7607,8912,11961,12694,18478,17617,19057,18862,17724,15535,17822,20182,26438,26738,22508,1331,28,5821532,282229
 lanka ,,0,0,0,0,0,0,0,0,0,0,0,0,0,3,0,0,0,0,2,0,8,5,2,12,18,63,71,82,30,86,124,105,143,116,120,213,404,853,582,521,18,0,52351,3581
 sri lanka ,,0,0,0,0,0,0,0,0,0,0,0,0,0,3,0,0,0,0,2,0,6,5,2,12,18,63,71,76,30,86,123,105,142,115,120,208,402,844,576,519,18,0,51612,3546
 sudan ,,0,0,0,0,0,0,0,0,0,0,0,0,0,0,0,0,0,0,0,0,0,1,0,0,0,0,0,10,4,15,14,13,17,21,36,36,18,65,105,56,3,0,9097,414
 suriname ,,0,0,0,0,0,0,0,0,0,0,0,0,0,0,0,0,0,0,0,0,0,0,0,0,0,0,0,0,0,0,0,0,0,5,0,4,0,0,4,0,0,0,4,13
 mayen ,,0,0,0,0,0,0,0,0,0,0,0,0,0,0,0,0,0,0,0,0,0,0,0,0,0,0,0,0,0,0,0,0,0,0,0,0,0,0,6,0,0,0,12,6
 svalbard ,,0,0,0,0,0,0,0,0,0,0,0,0,0,0,0,0,0,0,0,0,0,0,0,0,0,0,0,0,0,0,0,0,0,0,0,0,0,0,6,6,0,0,12,12
 svalbard and jan mayen ,,0,0,0,0,0,0,0,0,0,0,0,0,0,0,0,0,0,0,0,0,0,0,0,0,0,0,0,0,0,0,0,0,0,0,0,0,0,0,6,0,0,0,12,6
 swaziland ,,0,0,0,0,0,0,0,0,0,0,0,0,0,0,0,0,0,0,0,0,0,0,2,6,4,0,7,1,6,3,1,8,17,4,6,0,3,5,7,8,0,0,1923,88
 sweden ,,26,24,31,27,31,28,23,66,107,55,64,102,126,151,174,157,179,343,339,440,516,626,903,1458,1851,2192,2663,3028,3144,4435,4442,4217,4637,4499,4215,4766,7489,10494,9661,7648,436,4,2678236,85817
 switzerland ,,31,28,17,35,38,54,36,76,64,93,83,124,100,135,185,240,226,279,375,365,447,529,839,1847,2498,2894,3750,4304,4669,6368,6312,6438,6224,6235,5970,6112,8112,10365,11591,9040,483,10,4564384,107621
 syria ,,0,0,0,0,0,0,0,0,0,0,0,0,0,1,0,0,0,4,0,0,0,0,0,4,3,0,15,1,13,14,31,25,7,17,2,7,12,21,0,41,0,0,3286,218
 taiwan ,,4,1,8,2,14,17,26,34,52,46,99,137,124,216,257,245,371,348,451,507,548,818,834,1652,2477,3477,5187,5199,6331,9516,8629,9480,8892,8434,7209,8856,10273,12593,12491,9072,615,14,2208485,135556
 tajikistan ,,0,0,0,0,0,0,0,0,0,0,0,0,0,0,0,0,0,0,0,0,0,0,0,0,0,0,0,0,0,0,0,2,2,0,0,4,0,3,0,13,0,0,0,24
 tanzania ,,0,0,0,0,0,0,0,0,0,0,0,0,0,0,0,0,0,0,2,0,0,0,0,0,0,3,0,0,15,44,17,39,18,27,30,37,43,165,58,118,8,0,8225,624
 thailand ,,3,0,3,0,0,0,1,0,0,2,0,0,4,7,5,1,16,19,28,12,26,41,52,177,241,299,445,544,503,957,765,660,712,613,815,678,1132,1556,1671,1163,81,0,187059,13232
 leste ,,0,0,0,0,0,0,0,0,0,0,0,0,0,0,0,0,0,0,0,0,0,0,0,0,0,0,0,6,0,12,1,0,3,0,0,0,0,0,1,6,0,0,174,29
 timor ,,0,0,0,0,0,0,0,0,0,0,0,0,0,0,0,0,0,0,0,0,0,0,0,0,0,0,0,0,0,0,0,0,0,0,0,0,0,3,0,0,0,0,12,3
 timor-leste ,,0,0,0,0,0,0,0,0,0,0,0,0,0,0,0,0,0,0,0,0,0,0,0,0,0,0,0,0,0,0,0,0,0,0,0,0,0,3,0,3,0,0,12,6
 togo ,,0,0,0,0,0,0,0,0,0,0,0,0,0,0,0,0,0,0,0,0,0,0,0,0,0,0,0,2,0,0,0,0,0,1,7,0,0,6,6,4,0,0,39,26
 tokelau ,,0,0,0,0,0,0,0,0,0,0,0,0,0,0,0,0,0,0,0,0,0,0,0,0,0,0,0,0,0,0,0,0,0,0,0,0,0,0,0,0,0,0,0,0
 tonga ,,0,0,0,0,0,0,0,0,0,0,0,0,0,0,0,0,0,0,0,0,0,0,0,0,0,0,0,0,0,0,0,0,0,0,0,0,0,3,0,0,0,0,0,3
 tobago ,,0,0,0,2,4,0,0,0,0,0,0,0,0,0,2,0,0,0,0,0,2,2,0,8,6,4,8,14,18,25,19,22,9,14,24,15,24,48,19,25,0,0,1907,314
 trinidad and tobago ,,0,0,0,2,4,0,0,0,0,0,0,0,0,0,2,0,0,0,0,0,2,2,0,8,6,4,3,12,14,18,19,15,7,8,9,4,8,26,18,20,0,0,1752,211
 tunisia ,,0,0,0,0,0,3,3,5,0,0,0,3,8,4,2,10,2,6,6,15,12,20,49,70,128,228,307,431,464,655,850,782,892,919,899,1456,3147,3342,3573,1770,127,8,128224,20196
 turkey ,,5,0,0,0,1,0,1,7,7,14,7,15,10,19,18,46,33,59,73,52,92,154,229,605,1088,1329,1764,1847,2084,3226,3338,3503,3046,3633,3769,4027,4490,7082,6985,4638,415,10,1137198,57721
 turkmenistan ,,0,0,0,0,0,0,0,0,0,0,0,0,0,0,0,0,0,0,0,0,0,0,0,0,0,3,0,1,0,0,10,4,2,5,0,0,2,0,0,0,0,0,317,27
 turks and caicos islands ,,0,0,0,0,0,0,0,0,0,0,0,0,0,0,0,0,0,0,0,0,0,0,0,0,0,0,0,0,0,0,0,0,0,0,0,0,0,0,0,0,0,0,0,0
 tuvalu ,,0,0,0,0,0,0,0,0,0,0,0,0,0,0,0,0,0,0,0,0,0,0,0,0,0,0,0,0,0,1,0,15,0,0,0,0,0,4,4,0,0,0,454,24
 uganda ,,0,0,0,0,0,0,0,0,0,0,0,0,0,3,4,0,9,5,9,4,1,0,1,1,5,4,2,12,16,35,59,44,30,85,21,44,62,213,94,122,5,0,14427,890
 ukrain ,,0,0,0,0,0,0,0,0,0,0,0,0,0,0,0,0,0,0,0,0,0,0,0,0,0,0,0,0,0,0,0,0,0,0,0,0,0,0,0,0,0,0,0,0
 ukraine ,,0,0,0,0,0,0,0,0,0,0,0,0,3,6,14,7,13,6,23,27,3,39,84,96,91,218,134,148,240,193,326,253,183,298,215,298,524,983,673,632,28,0,235274,5758
 u.a.e. ,,0,0,0,0,0,0,0,0,0,0,0,0,0,0,7,0,0,0,4,4,2,5,1,8,3,7,11,7,19,9,11,2,8,5,2,8,15,14,0,0,0,0,2235,152
 uae ,,0,0,0,0,0,0,0,0,0,0,3,0,0,0,0,0,0,4,0,0,0,3,15,34,59,104,166,144,140,236,235,289,272,287,195,216,522,904,982,820,110,3,76513,5743
 united arab emirates ,,0,0,0,0,0,1,0,1,0,0,0,0,5,3,7,7,1,8,5,10,6,22,24,47,96,98,160,152,179,199,287,260,276,241,311,378,561,898,927,976,88,0,94941,6234
 u.k. ,,22,51,37,72,42,45,43,72,40,55,55,58,37,84,120,157,121,188,169,154,212,178,257,366,384,393,503,339,546,759,664,793,799,556,283,454,3255,5551,7592,4741,813,3,978021,31063
 uk ,,80,72,128,154,240,208,201,551,600,469,386,549,520,846,851,1043,982,1306,1575,1886,1985,2609,3596,6316,8546,10135,12149,12290,11318,14581,13818,13255,12825,10704,6759,7206,10637,16909,14391,12602,941,29,8560932,216248
 united kingdom ,,16,11,20,26,25,27,30,28,93,52,48,50,33,82,93,79,160,122,136,144,196,286,640,932,1150,1601,2257,3324,3534,4887,4475,5356,5036,5581,4320,3455,5737,9909,8819,8416,597,4,2669923,81787
 united states ,,7,5,7,19,4,10,5,5,3,7,5,10,9,24,11,28,40,27,30,24,82,97,127,122,320,634,1451,2891,3410,4115,4144,4316,6092,4898,4729,5170,8186,12612,8212,6582,730,28,2555705,79228
 america ,,1,1,4,0,0,1,6,6,9,17,3,7,5,9,10,8,8,13,21,21,79,17,24,59,96,174,189,123,139,177,209,244,346,298,191,261,2604,6791,1089,1504,240,0,250642,15004
 u.s.a. ,,172,243,381,302,211,312,136,229,172,199,119,139,198,221,225,183,288,350,259,278,328,340,292,339,384,298,445,294,782,900,633,606,347,147,170,123,446,846,542,468,24,0,523623,13371
 usa ,,371,409,445,543,573,592,387,404,472,711,1061,2020,1585,2367,2472,2859,3086,2592,2984,3747,4267,6584,6325,13905,18602,18140,24974,30067,46131,53168,53330,58710,59497,63845,63534,63841,92686,124326,132211,108355,7758,65,40174700,1080001
 us ,,0,2,2,1,4,2,7,10,36,55,69,89,50,93,43,109,220,534,526,788,1005,867,1082,633,166,244,319,450,657,570,632,598,774,770,1118,1088,2287,2187,2081,1688,68,0,758400,21924
 u.s. ,,10,21,8,8,27,9,16,15,6,18,9,15,21,28,40,36,21,35,37,52,40,57,83,99,120,191,230,163,217,296,387,282,381,466,418,371,700,1110,1167,990,98,0,236396,8298
 uruguay ,,0,0,0,0,0,0,0,0,0,12,0,3,0,0,0,0,2,0,7,8,2,7,12,22,46,56,52,56,90,124,167,175,168,167,222,232,266,365,364,272,7,0,33594,2904
 uzbekistan ,,0,0,0,0,0,0,0,0,0,0,0,0,0,0,0,0,0,0,0,0,3,0,3,0,2,8,11,18,10,19,21,16,2,4,13,24,8,14,12,14,0,0,2010,202
 vanuatu ,,0,0,0,0,0,0,0,0,0,0,0,0,0,0,0,0,0,0,0,0,0,0,1,0,0,0,0,0,0,0,0,0,0,0,0,0,0,8,0,0,0,0,2,9
 venezuela ,,0,8,3,0,0,5,0,5,3,2,0,6,4,3,7,4,9,5,21,19,22,35,51,84,118,183,164,202,158,229,139,152,200,144,149,65,172,212,189,121,12,0,81086,2905
 viet nam ,,0,0,0,0,0,0,0,0,0,0,0,0,0,0,0,1,3,0,0,0,0,6,5,9,7,4,5,19,46,61,45,128,99,154,117,140,187,222,339,288,26,0,24254,1911
" virgin islands, british ",,0,0,0,0,0,0,0,0,0,0,0,0,0,0,0,0,0,0,0,0,0,0,0,0,0,0,0,0,0,0,0,0,0,0,0,0,0,0,0,0,0,0,0,0
" virgin islands, u.s. ",,0,0,0,0,0,0,0,0,0,0,0,0,0,0,0,0,0,0,0,0,0,0,0,0,0,0,0,0,0,0,0,0,0,0,0,0,0,0,0,0,0,0,0,0
 futuna ,,0,0,0,0,0,0,0,0,0,0,0,0,0,0,0,0,0,0,0,0,0,0,0,0,0,0,0,0,0,0,0,0,0,0,0,0,0,0,0,0,0,0,0,0
 wallis and futuna ,,0,0,0,0,0,0,0,0,0,0,0,0,0,0,0,0,0,0,0,0,0,0,0,0,0,0,0,0,0,0,0,0,0,0,0,0,0,0,0,0,0,0,0,0
 sahara ,,0,0,0,0,0,0,0,0,0,0,0,0,0,0,0,0,0,0,0,0,0,0,0,0,0,0,0,0,0,0,3,8,0,0,0,0,0,0,0,0,0,0,108,11
 western sahara ,,0,0,0,0,0,0,0,0,0,0,0,0,0,0,0,0,0,0,0,0,0,0,0,0,0,0,0,0,0,0,0,0,0,0,0,0,0,0,0,0,0,0,0,0
 yemen ,,0,0,0,0,0,0,0,0,0,0,0,0,0,0,0,0,0,0,3,0,0,0,0,0,8,0,5,0,3,11,17,21,36,47,33,34,21,51,68,55,4,0,4275,417
 zambia ,,0,0,0,0,0,1,0,0,0,0,0,0,0,0,0,0,0,0,0,0,0,0,0,1,3,0,38,3,0,8,35,4,2,13,4,1,39,27,7,73,4,3,2199,266
 zimbabwe ,,0,0,0,0,0,0,0,0,0,0,0,0,0,1,0,0,0,0,0,1,0,5,0,0,0,5,3,10,4,8,21,25,13,23,25,2,12,31,55,36,0,0,2264,280
